$ 8 d 0 5 8 d 0 5 , 4 5 5 3 9 b , 0 8
$ f 2 7 a f 2 7 a , 4 c 9 0 2 e , 0 8
$ a 6 2 e a 6 2 e , 3 9 b a 2 5 , 0 8
$ 0 5 8 d 0 5 8 d , 4 d d d 9 5 , 0 8
$ 6 f e 7 6 f e 7 , 7 b 1 7 0 3 , 0 8
$ c 7 4 f c 7 4 f , 5 9 4 6 d 8 , 0 8
$ 5 c d 4 5 c d 4 , 8 e c d 1 f , 0 8
$ c 1 4 9 c 1 4 9 , a 8 f 2 9 b , 0 8
$ f 3 7 b f 3 7 b , c d 1 5 2 b , 0 8
$ a 5 2 d a 5 2 d , c 1 d 9 b d , 0 8
$ a 7 2 f a 7 2 f , b 0 6 9 7 e , 0 8
$ d 4 5 c d 4 5 c , f 3 b e 9 9 , 0 8
$ 0 4 8 c 0 4 8 c , 0 2 1 a 1 c , 0 8
$ d a 5 2 d a 5 2 , 5 3 c b 4 2 , 0 8
$ 7 f f 7 7 f f 7 , d 2 e 7 4 a , 0 8
$ 4 f c 7 4 f c 7 , e 9 4 1 e 7 , 0 8
$ b 8 3 0 b 8 3 0 , 9 b f f d c , 0 8
$ 7 1 f 9 7 1 f 9 , 7 5 7 0 7 4 , 0 8
$ 1 3 9 b 1 3 9 b , 2 9 5 d 6 7 , 0 8
$ c 1 4 9 c 1 4 9 , 7 a d 4 6 f , 0 8
$ c c 4 4 c c 4 4 , 9 e 8 5 d 7 , 0 8
$ 2 2 a a 2 2 a a , a 8 0 e 8 4 , 0 8
$ 1 1 9 9 1 1 9 9 , 7 0 9 4 f 5 , 0 8
$ 6 8 e 0 6 8 e 0 , c 3 9 d 3 6 , 0 8
$ 0 4 8 c 0 4 8 c , 6 7 d 7 b 4 , 0 8
$ e 3 6 b e 3 6 b , 1 7 a c 5 8 , 0 8
$ b 2 3 a b 2 3 a , 7 b b c 7 5 , 0 8
$ d 3 5 b d 3 5 b , d b 5 c 5 4 , 0 8
$ 8 c 0 4 8 c 0 4 , a d 8 7 a 6 , 0 8
$ 7 8 f 0 7 8 f 0 , 9 3 c d 2 6 , 0 8
$ c c 4 4 c c 4 4 , c e c e c c , 0 8
$ b 6 3 e b 6 3 e , d 1 6 f 0 8 , 0 8
$ c 0 4 8 c 0 4 8 , e 2 0 3 2 1 , 0 8
$ e b 6 3 e b 6 3 , 9 1 8 4 f e , 0 8
$ 1 7 9 f 1 7 9 f , 8 1 f 9 6 f , 0 8
$ 4 5 c d 4 5 c d , 2 f 8 8 e 2 , 0 8
$ 0 f 8 7 0 f 8 7 , 8 8 f 3 7 4 , 0 8
